Chd1,data1,data2,data3,data4,data5,data6,data7,data8,data9,data10,data11,data12,data13,data14,data15,data16,data17,data18,data19,data20
nuc alone,0.003799392,0.003055768,0.014516129,0.005804312,0.021788129,0.004487659,0.006797583,0.019302153,0.025773196,0.0078125,0.002862595,0.024498886,0.014200299,0.027146001,0.022895126,0.020179372,0.022827688,0.017138599,0.007570023,0.011244378
wt,0.090534979,0.085858586,0.114814815,0.05230895,0.113268608,0.109677419,0.10617284,0.110803324,0.084016393,0.115189873,0.091168091,0.104950495,0.102739726,0.091627172,0.113043478,0.11,0.146268657,0.11025641,0.116883117,0.109090909
120B-SAIL-Lobe2,0.216129032,0.216582064,0.204013378,0.212837838,0.221649485,0.225925926,0.221122112,,,,,,,,,,,,,
120B-Lobe2,0.260089686,0.204678363,0.261494253,0.243478261,0.292134831,0.267924528,0.257246377,,,,,,,,,,,,,
120B-SAIL,0.028985507,0.024048096,0.016908213,0.00974026,0.020501139,0.029090909,0.026315789,,,,,,,,,,,,,
120B-876-881,0.114058355,0.082706767,0.102702703,0.112804878,0.105263158,0.128654971,0.128236745,,,,,,,,,,,,,
120B-884-889,0.302904564,0.290102389,0.334894614,0.295774648,0.32,0.31981982,0.321428571,,,,,0.296928328,0.284745763,0.287128713,0.318367347,0.32160804,0.34375,0.325842697,0.316521739,0.316602317
120B-890-895,0.224899598,0.231034483,0.244047619,0.219047619,0.236607143,0.25,0.243243243,,,,,,,,,,,,,
120B-896-901,0.265151515,0.286931818,0.266798419,0.286127168,0.299674267,0.283076923,0.306629834,,,,,,,,,,,,,
120B-902-907,0.177419355,0.171755725,0.213114754,0.19047619,0.215277778,0.230994152,0.220744681,,,,,,,,,,,,,
L886N-L889N-L891N,,,,,,,,0.290205899,0.314814815,0.298295455,0.27014218,,,,,,,,,
L886G-L889G-L891G,,,,,,,,0.295918367,0.269230769,0.283185841,0.267195767,,,,,,,,,
L699Q,,,,,,,,0.298507463,0.32571912,0.268656716,0.288927336,,,,,,,,,
901-902insertGGS,,,,,,,,0.194892473,0.198177677,0.216981132,0.207920792,,,,,,,,,
F917N-L918N-F921N,,,,,,,,0.158284024,0.15408805,0.16066482,0.161691542,,,,,,,,,
I843N,,,,,,,,0.00623053,0.011070111,0.009036145,0.024390244,,,,,,,,,
KAK,,,,,,,,0.123906706,0.128125,0.113461538,0.149543379,0.148148148,0.135021097,0.144927536,0.148241206,0.149425287,0.201520913,0.167630058,0.154228856,0.162393162
M652Q-KAK,,,,,,,,,,,,0.206030151,0.192090395,0.205479452,0.216393443,0.234375,0.25751073,0.23943662,0.225454545,0.210084034
M652Q,,,,,,,,,,,,0.114361702,0.118881119,0.125326371,0.125,0.133540373,0.160142349,0.132013201,0.107361963,0.115942029